Accuracy,Percent Burnt
69,0.04414
82,0.07436
84,0.05078
84,0.05559
83,0.0658
83,0.06594
88,0.0553
88,0.05077
78,0.07192
84,0.05984
