Accuracy,Percent Burnt
74,0.04076
81,0.06199
76,0.06951
86,0.04946
84,0.04851
77,0.04574
76,0.03491
91,0.04504
82,0.06413
72,0.05073
