Accuracy,Percent Burnt
69,0.04242
87,0.05915
84,0.0551
82,0.0457
83,0.0577
85,0.06565
78,0.05674
92,0.06505
83,0.08106
94,0.06063
