Accuracy,Percent Burnt
87,0.05381
84,0.04844
88,0.08606
92,0.06738
88,0.07159
94,0.07082
81,0.06375
94,0.05449
87,0.05593
91,0.0793
