Accuracy,Percent Burnt
71,0.04064
87,0.04397
74,0.04671
90,0.04508
85,0.04584
79,0.05377
88,0.04955
79,0.03456
73,0.0396
85,0.05858
