Accuracy,Percent Burnt
74,0.04397
82,0.03591
82,0.0383
82,0.05593
76,0.03984
92,0.03511
79,0.05083
77,0.04056
75,0.03934
83,0.05139
