Accuracy,Percent Burnt
82,0.06544
78,0.04812
86,0.06696
83,0.06436
90,0.05572
86,0.05914
89,0.0633
83,0.07877
87,0.06954
98,0.04577
